"","experimentPhase","trialnum","subject","task","noisePercent","targetLeftRightIfOne","answerPos0","answer0","response0","correct0","responsePosRelative0","answerPos1","answer1","response1","correct1","responsePosRelative1","timingBlips"
"1","main",0,"yxuuh cnbc","T1",1,"left",15,"G","B",0,1,NA,"NaN","NaN",NA,NA,0
"2","main",1,"yxuuh cnbc","T1",1,"left",11,"Y","Z",0,1,NA,"NaN","NaN",NA,NA,0
"3","main",2,"yxuuh cnbc","T1",1,"right",9,"P","A",0,1,NA,"NaN","NaN",NA,NA,0
"4","main",3,"yxuuh cnbc","T1T2",1,"right",13,"S","S",1,0,13,"A","K",0,-6,0
"5","main",4,"yxuuh cnbc","T1",1,"left",17,"M","W",0,-1,NA,"NaN","NaN",NA,NA,0
"6","main",5,"yxuuh cnbc","T1T2",1,"right",9,"D","W",0,1,9,"Z","W",0,-1,0
"7","main",6,"yxuuh cnbc","T1T2",1,"right",11,"G","P",0,1,11,"I","I",1,0,0
"8","main",7,"yxuuh cnbc","T1T2",1,"right",13,"L","M",0,-1,13,"G","X",0,1,0
"9","main",8,"yxuuh cnbc","T1",1,"right",7,"F","F",1,0,NA,"NaN","NaN",NA,NA,0
"10","main",9,"yxuuh cnbc","T1",1,"right",13,"P","P",1,0,NA,"NaN","NaN",NA,NA,0
"11","main",10,"yxuuh cnbc","T1",1,"right",15,"Q","P",0,7,NA,"NaN","NaN",NA,NA,0
"12","main",11,"yxuuh cnbc","T1",1,"left",7,"P","P",1,0,NA,"NaN","NaN",NA,NA,0
"13","main",12,"yxuuh cnbc","T1T2",1,"left",7,"Y","D",0,1,7,"E","X",0,-6,0
"14","main",13,"yxuuh cnbc","T1",1,"right",13,"H","W",0,-1,NA,"NaN","NaN",NA,NA,0
"15","main",14,"yxuuh cnbc","T1T2",1,"right",7,"F","U",0,6,7,"R","F",0,14,0
"16","main",15,"yxuuh cnbc","T1T2",1,"right",17,"C","C",1,0,17,"Z","Z",1,0,0
"17","main",16,"yxuuh cnbc","T1",1,"right",9,"Y","M",0,1,NA,"NaN","NaN",NA,NA,0
"18","main",17,"yxuuh cnbc","T1T2",1,"right",15,"R","K",0,-11,15,"A","R",0,4,0
"19","main",18,"yxuuh cnbc","T1",1,"right",17,"E","E",1,0,NA,"NaN","NaN",NA,NA,0
"20","main",19,"yxuuh cnbc","T1T2",1,"left",15,"U","A",0,1,15,"Y","Z",0,1,0
"21","main",20,"yxuuh cnbc","T1",1,"left",9,"P","B",0,-3,NA,"NaN","NaN",NA,NA,0
"22","main",21,"yxuuh cnbc","T1T2",1,"right",15,"A","A",1,0,15,"S","P",0,1,0
"23","main",22,"yxuuh cnbc","T1T2",1,"left",9,"M","M",1,0,9,"S","S",1,0,0
"24","main",23,"yxuuh cnbc","T1T2",1,"left",17,"L","M",0,-5,17,"P","K",0,-12,0
"25","main",24,"yxuuh cnbc","T1T2",1,"right",9,"D","V",0,14,9,"E","M",0,10,0
"26","main",25,"yxuuh cnbc","T1",1,"left",7,"N","F",0,1,NA,"NaN","NaN",NA,NA,0
"27","main",26,"yxuuh cnbc","T1T2",1,"left",15,"L","S",0,-1,15,"E","L",0,-12,0
"28","main",27,"yxuuh cnbc","T1",1,"right",11,"X","X",1,0,NA,"NaN","NaN",NA,NA,0
"29","main",28,"yxuuh cnbc","T1",1,"left",13,"P","P",1,0,NA,"NaN","NaN",NA,NA,0
"30","main",29,"yxuuh cnbc","T1",1,"left",17,"L","P",0,1,NA,"NaN","NaN",NA,NA,0
"31","main",30,"yxuuh cnbc","T1",1,"left",11,"U","P",0,1,NA,"NaN","NaN",NA,NA,0
"32","main",31,"yxuuh cnbc","T1T2",1,"left",17,"N","X",0,1,17,"T","F",0,-4,0
"33","main",32,"yxuuh cnbc","T1",1,"left",13,"I","P",0,1,NA,"NaN","NaN",NA,NA,0
"34","main",33,"yxuuh cnbc","T1",1,"right",7,"O","O",1,0,NA,"NaN","NaN",NA,NA,0
"35","main",34,"yxuuh cnbc","T1T2",1,"right",7,"L","M",0,-1,7,"B","B",1,0,0
"36","main",35,"yxuuh cnbc","T1T2",1,"left",11,"B","M",0,5,11,"W","B",0,-9,0
"37","main",36,"yxuuh cnbc","T1T2",1,"right",11,"T","X",0,2,11,"Z","C",0,11,0
"38","main",37,"yxuuh cnbc","T1",1,"left",15,"R","R",1,0,NA,"NaN","NaN",NA,NA,0
"39","main",38,"yxuuh cnbc","T1T2",1,"left",7,"S","X",0,13,7,"E","S",0,11,0
"40","main",39,"yxuuh cnbc","T1",1,"right",15,"N","X",0,-1,NA,"NaN","NaN",NA,NA,0
"41","main",40,"yxuuh cnbc","T1",1,"left",9,"L","A",0,1,NA,"NaN","NaN",NA,NA,0
"42","main",41,"yxuuh cnbc","T1T2",1,"right",17,"S","S",1,0,17,"X","W",0,-1,0
"43","main",42,"yxuuh cnbc","T1T2",1,"left",9,"M","Q",0,8,9,"Q","M",0,6,0
"44","main",43,"yxuuh cnbc","T1T2",1,"left",13,"H","W",0,3,13,"I","H",0,2,0
"45","main",44,"yxuuh cnbc","T1",1,"right",11,"N","W",0,-6,NA,"NaN","NaN",NA,NA,0
"46","main",45,"yxuuh cnbc","T1",1,"right",17,"I","I",1,0,NA,"NaN","NaN",NA,NA,0
"47","main",46,"yxuuh cnbc","T1T2",1,"left",11,"D","C",0,1,11,"A","A",1,0,0
"48","main",47,"yxuuh cnbc","T1T2",1,"left",13,"W","W",1,0,13,"U","U",1,0,0
"49","main",48,"yxuuh cnbc","T1T2",1,"right",15,"Y","P",0,-10,15,"T","T",1,0,0
"50","main",49,"yxuuh cnbc","T1T2",1,"left",7,"Q","B",0,2,7,"L","X",0,12,0
"51","main",50,"yxuuh cnbc","T1T2",1,"right",17,"N","M",0,3,17,"W","W",1,0,0
"52","main",51,"yxuuh cnbc","T1T2",1,"right",9,"U","P",0,-6,9,"W","U",0,15,0
"53","main",52,"yxuuh cnbc","T1",1,"left",7,"X","M",0,13,NA,"NaN","NaN",NA,NA,0
"54","main",53,"yxuuh cnbc","T1",1,"right",17,"K","K",1,0,NA,"NaN","NaN",NA,NA,0
"55","main",54,"yxuuh cnbc","T1T2",1,"right",7,"U","B",0,1,7,"G","U",0,4,0
"56","main",55,"yxuuh cnbc","T1",1,"right",13,"Q","Q",1,0,NA,"NaN","NaN",NA,NA,1
"57","main",56,"yxuuh cnbc","T1T2",1,"right",15,"U","X",0,1,15,"P","P",1,0,0
"58","main",57,"yxuuh cnbc","T1T2",1,"left",15,"U","U",1,0,15,"Q","P",0,-1,0
"59","main",58,"yxuuh cnbc","T1T2",1,"left",11,"T","X",0,-10,11,"X","B",0,13,0
"60","main",59,"yxuuh cnbc","T1",1,"right",9,"C","C",1,0,NA,"NaN","NaN",NA,NA,0
"61","main",60,"yxuuh cnbc","T1",1,"right",11,"N","X",0,2,NA,"NaN","NaN",NA,NA,0
"62","main",61,"yxuuh cnbc","T1",1,"right",17,"D","D",1,0,NA,"NaN","NaN",NA,NA,0
"63","main",62,"yxuuh cnbc","T1T2",1,"right",13,"E","E",1,0,13,"B","B",1,0,0
"64","main",63,"yxuuh cnbc","T1T2",1,"right",13,"B","N",0,10,13,"M","B",0,-3,0
"65","main",64,"yxuuh cnbc","T1T2",1,"left",13,"B","Q",0,-2,13,"O","B",0,7,0
"66","main",65,"yxuuh cnbc","T1",1,"left",11,"B","B",1,0,NA,"NaN","NaN",NA,NA,0
"67","main",66,"yxuuh cnbc","T1T2",1,"left",7,"E","M",0,2,7,"M","W",0,1,0
"68","main",67,"yxuuh cnbc","T1",1,"left",7,"R","R",1,0,NA,"NaN","NaN",NA,NA,0
"69","main",68,"yxuuh cnbc","T1",1,"right",15,"C","O",0,-10,NA,"NaN","NaN",NA,NA,0
"70","main",69,"yxuuh cnbc","T1T2",1,"right",7,"E","M",0,15,7,"H","R",0,12,0
"71","main",70,"yxuuh cnbc","T1",1,"right",11,"E","E",1,0,NA,"NaN","NaN",NA,NA,0
"72","main",71,"yxuuh cnbc","T1",1,"left",13,"Y","M",0,1,NA,"NaN","NaN",NA,NA,0
"73","main",72,"yxuuh cnbc","T1",1,"right",9,"Q","Q",1,0,NA,"NaN","NaN",NA,NA,0
"74","main",73,"yxuuh cnbc","T1",1,"left",17,"I","H",0,-4,NA,"NaN","NaN",NA,NA,0
"75","main",74,"yxuuh cnbc","T1T2",1,"left",15,"T","V",0,-11,15,"V","U",0,-15,0
"76","main",75,"yxuuh cnbc","T1T2",1,"right",17,"Z","B",0,1,17,"L","X",0,-8,0
"77","main",76,"yxuuh cnbc","T1",1,"left",9,"G","G",1,0,NA,"NaN","NaN",NA,NA,0
"78","main",77,"yxuuh cnbc","T1",1,"left",15,"O","D",0,-4,NA,"NaN","NaN",NA,NA,0
"79","main",78,"yxuuh cnbc","T1T2",1,"right",11,"S","S",1,0,11,"C","K",0,-4,0
"80","main",79,"yxuuh cnbc","T1T2",1,"left",9,"J","W",0,-4,9,"K","S",0,9,0
"81","main",80,"yxuuh cnbc","T1",1,"right",7,"A","A",1,0,NA,"NaN","NaN",NA,NA,0
"82","main",81,"yxuuh cnbc","T1",1,"right",13,"B","M",0,-2,NA,"NaN","NaN",NA,NA,0
"83","main",82,"yxuuh cnbc","T1",1,"left",15,"X","X",1,0,NA,"NaN","NaN",NA,NA,0
"84","main",83,"yxuuh cnbc","T1",1,"right",15,"B","X",0,-14,NA,"NaN","NaN",NA,NA,0
"85","main",84,"yxuuh cnbc","T1",1,"right",7,"C","U",0,2,NA,"NaN","NaN",NA,NA,0
"86","main",85,"yxuuh cnbc","T1T2",1,"left",9,"M","M",1,0,9,"U","J",0,3,0
"87","main",86,"yxuuh cnbc","T1T2",1,"left",13,"N","P",0,1,13,"A","W",0,-1,0
"88","main",87,"yxuuh cnbc","T1",1,"left",11,"U","J",0,4,NA,"NaN","NaN",NA,NA,0
"89","main",88,"yxuuh cnbc","T1T2",1,"left",11,"C","C",1,0,11,"O","W",0,1,0
"90","main",89,"yxuuh cnbc","T1T2",1,"right",11,"F","Z",0,1,11,"A","A",1,0,0
"91","main",90,"yxuuh cnbc","T1",1,"left",13,"X","Q",0,-7,NA,"NaN","NaN",NA,NA,0
"92","main",91,"yxuuh cnbc","T1T2",1,"left",17,"B","P",0,-1,17,"O","D",0,1,0
"93","main",92,"yxuuh cnbc","T1T2",1,"right",9,"I","K",0,1,9,"L","Q",0,6,0
"94","main",93,"yxuuh cnbc","T1",1,"left",9,"Q","Q",1,0,NA,"NaN","NaN",NA,NA,0
"95","main",94,"yxuuh cnbc","T1T2",1,"left",17,"R","R",1,0,17,"Q","Q",1,0,0
"96","main",95,"yxuuh cnbc","T1",1,"left",17,"W","W",1,0,NA,"NaN","NaN",NA,NA,0
"97","main",96,"yxuuh cnbc","T1T2",1,"left",9,"T","K",0,1,9,"F","J",0,-9,0
"98","main",97,"yxuuh cnbc","T1T2",1,"left",11,"D","D",1,0,11,"E","X",0,7,0
"99","main",98,"yxuuh cnbc","T1T2",1,"left",9,"Y","A",0,-7,9,"A","L",0,15,0
"100","main",99,"yxuuh cnbc","T1T2",1,"right",17,"F","H",0,-1,17,"M","M",1,0,0
"101","main",100,"yxuuh cnbc","T1",1,"left",11,"T","H",0,13,NA,"NaN","NaN",NA,NA,0
"102","main",101,"yxuuh cnbc","T1",1,"right",7,"X","M",0,15,NA,"NaN","NaN",NA,NA,0
"103","main",102,"yxuuh cnbc","T1",1,"left",9,"A","A",1,0,NA,"NaN","NaN",NA,NA,0
"104","main",103,"yxuuh cnbc","T1",1,"right",17,"K","X",0,-12,NA,"NaN","NaN",NA,NA,0
"105","main",104,"yxuuh cnbc","T1T2",1,"right",17,"A","O",0,4,17,"B","O",0,-4,0
"106","main",105,"yxuuh cnbc","T1T2",1,"left",13,"W","M",0,-13,13,"Z","Z",1,0,0
"107","main",106,"yxuuh cnbc","T1",1,"left",17,"L","X",0,8,NA,"NaN","NaN",NA,NA,0
"108","main",107,"yxuuh cnbc","T1T2",1,"right",11,"K","M",0,2,11,"Q","K",0,-1,0
"109","main",108,"yxuuh cnbc","T1T2",1,"left",17,"O","P",0,-5,17,"P","D",0,1,0
"110","main",109,"yxuuh cnbc","T1T2",1,"left",11,"F","T",0,-9,11,"I","V",0,-3,0
"111","main",110,"yxuuh cnbc","T1T2",1,"left",15,"L","L",1,0,15,"R","J",0,-7,0
"112","main",111,"yxuuh cnbc","T1",1,"left",7,"M","W",0,-7,NA,"NaN","NaN",NA,NA,0
"113","main",112,"yxuuh cnbc","T1",1,"right",13,"Y","S",0,-12,NA,"NaN","NaN",NA,NA,0
"114","main",113,"yxuuh cnbc","T1",1,"left",17,"D","D",1,0,NA,"NaN","NaN",NA,NA,0
"115","main",114,"yxuuh cnbc","T1T2",1,"left",15,"M","R",0,8,15,"D","W",0,3,0
"116","main",115,"yxuuh cnbc","T1",1,"right",9,"O","Y",0,1,NA,"NaN","NaN",NA,NA,0
"117","main",116,"yxuuh cnbc","T1",1,"right",7,"U","T",0,1,NA,"NaN","NaN",NA,NA,0
"118","main",117,"yxuuh cnbc","T1",1,"right",9,"K","U",0,15,NA,"NaN","NaN",NA,NA,0
"119","main",118,"yxuuh cnbc","T1",1,"left",13,"L","M",0,1,NA,"NaN","NaN",NA,NA,0
"120","main",119,"yxuuh cnbc","T1",1,"right",15,"V","M",0,8,NA,"NaN","NaN",NA,NA,0
"121","main",120,"yxuuh cnbc","T1",1,"right",17,"G","D",0,8,NA,"NaN","NaN",NA,NA,0
"122","main",121,"yxuuh cnbc","T1T2",1,"right",15,"B","K",0,-4,15,"J","Q",0,-8,0
"123","main",122,"yxuuh cnbc","T1",1,"left",13,"M","P",0,5,NA,"NaN","NaN",NA,NA,0
"124","main",123,"yxuuh cnbc","T1T2",1,"left",13,"C","G",0,-10,13,"G","C",0,10,0
"125","main",124,"yxuuh cnbc","T1T2",1,"right",7,"W","T",0,9,7,"O","K",0,8,0
"126","main",125,"yxuuh cnbc","T1T2",1,"right",9,"V","H",0,-5,9,"D","K",0,7,0
"127","main",126,"yxuuh cnbc","T1",1,"right",11,"P","K",0,6,NA,"NaN","NaN",NA,NA,0
"128","main",127,"yxuuh cnbc","T1T2",1,"left",17,"L","X",0,1,17,"B","A",0,1,0
"129","main",128,"yxuuh cnbc","T1",1,"left",15,"A","K",0,-5,NA,"NaN","NaN",NA,NA,0
"130","main",129,"yxuuh cnbc","T1",1,"right",15,"L","J",0,8,NA,"NaN","NaN",NA,NA,0
"131","main",130,"yxuuh cnbc","T1",1,"left",15,"Z","M",0,-11,NA,"NaN","NaN",NA,NA,0
"132","main",131,"yxuuh cnbc","T1",1,"right",13,"G","J",0,-12,NA,"NaN","NaN",NA,NA,0
"133","main",132,"yxuuh cnbc","T1T2",1,"left",7,"S","F",0,2,7,"D","L",0,-1,0
"134","main",133,"yxuuh cnbc","T1T2",1,"left",7,"D","O",0,-6,7,"E","T",0,-5,0
"135","main",134,"yxuuh cnbc","T1T2",1,"right",13,"Z","O",0,5,13,"U","R",0,10,0
"136","main",135,"yxuuh cnbc","T1T2",1,"right",11,"R","F",0,-1,11,"U","R",0,7,0
"137","main",136,"yxuuh cnbc","T1T2",1,"right",9,"V","M",0,10,9,"A","Q",0,-5,0
"138","main",137,"yxuuh cnbc","T1T2",1,"right",13,"K","K",1,0,13,"W","R",0,4,0
"139","main",138,"yxuuh cnbc","T1T2",1,"right",7,"N","M",0,9,7,"Z","E",0,-1,0
"140","main",139,"yxuuh cnbc","T1",1,"left",9,"N","O",0,8,NA,"NaN","NaN",NA,NA,0
"141","main",140,"yxuuh cnbc","T1",1,"left",11,"Z","Q",0,13,NA,"NaN","NaN",NA,NA,0
"142","main",141,"yxuuh cnbc","T1",1,"left",7,"G","U",0,-2,NA,"NaN","NaN",NA,NA,0
"143","main",142,"yxuuh cnbc","T1T2",1,"right",15,"O","K",0,-12,15,"C","M",0,-14,0
"144","main",143,"yxuuh cnbc","T1",1,"right",11,"F","R",0,1,NA,"NaN","NaN",NA,NA,0
"145","main",144,"yxuuh cnbc","T1T2",1,"right",17,"B","P",0,-6,17,"O","B",0,-7,0
"146","main",145,"yxuuh cnbc","T1",1,"left",13,"I","K",0,1,NA,"NaN","NaN",NA,NA,0
"147","main",146,"yxuuh cnbc","T1",1,"right",11,"Q","W",0,-2,NA,"NaN","NaN",NA,NA,0
"148","main",147,"yxuuh cnbc","T1",1,"left",9,"R","O",0,-2,NA,"NaN","NaN",NA,NA,0
"149","main",148,"yxuuh cnbc","T1",1,"left",11,"A","F",0,-7,NA,"NaN","NaN",NA,NA,0
"150","main",149,"yxuuh cnbc","T1T2",1,"right",17,"Z","R",0,1,17,"E","S",0,1,0
"151","main",150,"yxuuh cnbc","T1",1,"right",13,"K","Q",0,6,NA,"NaN","NaN",NA,NA,0
"152","main",151,"yxuuh cnbc","T1T2",1,"left",9,"C","C",1,0,9,"U","J",0,-2,0
"153","main",152,"yxuuh cnbc","T1T2",1,"right",13,"W","M",0,-6,13,"U","J",0,1,0
"154","main",153,"yxuuh cnbc","T1T2",1,"left",13,"E","R",0,3,13,"N","D",0,-10,0
"155","main",154,"yxuuh cnbc","T1",1,"left",17,"S","M",0,-4,NA,"NaN","NaN",NA,NA,0
"156","main",155,"yxuuh cnbc","T1T2",1,"right",11,"B","X",0,-3,11,"D","D",1,0,0
"157","main",156,"yxuuh cnbc","T1",1,"right",17,"H","O",0,2,NA,"NaN","NaN",NA,NA,0
"158","main",157,"yxuuh cnbc","T1T2",1,"left",17,"P","P",1,0,17,"V","M",0,-11,0
"159","main",158,"yxuuh cnbc","T1T2",1,"right",7,"H","M",0,15,7,"A","N",0,11,0
"160","main",159,"yxuuh cnbc","T1",1,"left",15,"J","T",0,-6,NA,"NaN","NaN",NA,NA,0
"161","main",160,"yxuuh cnbc","T1",1,"right",11,"B","B",1,0,NA,"NaN","NaN",NA,NA,0
"162","main",161,"yxuuh cnbc","T1",1,"right",15,"K","N",0,10,NA,"NaN","NaN",NA,NA,0
"163","main",162,"yxuuh cnbc","T1T2",1,"right",7,"L","M",0,2,7,"M","K",0,-7,0
"164","main",163,"yxuuh cnbc","T1T2",1,"right",9,"A","X",0,-4,9,"T","A",0,4,0
"165","main",164,"yxuuh cnbc","T1T2",1,"left",15,"T","I",0,-1,15,"F","J",0,-3,0
"166","main",165,"yxuuh cnbc","T1",1,"left",17,"M","M",1,0,NA,"NaN","NaN",NA,NA,0
"167","main",166,"yxuuh cnbc","T1T2",1,"right",9,"Y","F",0,-9,9,"G","O",0,8,0
"168","main",167,"yxuuh cnbc","T1",1,"right",7,"X","M",0,16,NA,"NaN","NaN",NA,NA,0
"169","main",168,"yxuuh cnbc","T1",1,"left",15,"T","T",1,0,NA,"NaN","NaN",NA,NA,0
"170","main",169,"yxuuh cnbc","T1",1,"right",13,"C","C",1,0,NA,"NaN","NaN",NA,NA,0
"171","main",170,"yxuuh cnbc","T1",1,"right",7,"J","J",1,0,NA,"NaN","NaN",NA,NA,0
"172","main",171,"yxuuh cnbc","T1T2",1,"left",7,"E","N",0,7,7,"L","E",0,-1,0
"173","main",172,"yxuuh cnbc","T1",1,"right",9,"Z","M",0,1,NA,"NaN","NaN",NA,NA,0
"174","main",173,"yxuuh cnbc","T1",1,"left",7,"D","B",0,1,NA,"NaN","NaN",NA,NA,0
"175","main",174,"yxuuh cnbc","T1T2",1,"left",13,"O","Q",0,1,13,"L","L",1,0,0
"176","main",175,"yxuuh cnbc","T1T2",1,"right",15,"V","X",0,5,15,"X","M",0,-3,0
"177","main",176,"yxuuh cnbc","T1T2",1,"right",13,"G","U",0,2,13,"C","C",1,0,0
"178","main",177,"yxuuh cnbc","T1T2",1,"left",11,"U","J",0,1,11,"L","U",0,-10,0
"179","main",178,"yxuuh cnbc","T1",1,"right",17,"N","M",0,2,NA,"NaN","NaN",NA,NA,0
"180","main",179,"yxuuh cnbc","T1T2",1,"left",9,"B","F",0,-8,9,"P","B",0,-3,0
"181","main",180,"yxuuh cnbc","T1T2",1,"right",15,"Z","X",0,-8,15,"C","Z",0,-3,0
"182","main",181,"yxuuh cnbc","T1",1,"left",7,"U","C",0,9,NA,"NaN","NaN",NA,NA,0
"183","main",182,"yxuuh cnbc","T1",1,"left",11,"J","C",0,-1,NA,"NaN","NaN",NA,NA,0
"184","main",183,"yxuuh cnbc","T1",1,"right",15,"J","Y",0,1,NA,"NaN","NaN",NA,NA,0
"185","main",184,"yxuuh cnbc","T1T2",1,"right",11,"U","M",0,-9,11,"O","X",0,1,0
"186","main",185,"yxuuh cnbc","T1",1,"left",13,"C","C",1,0,NA,"NaN","NaN",NA,NA,0
"187","main",186,"yxuuh cnbc","T1",1,"right",9,"H","M",0,-4,NA,"NaN","NaN",NA,NA,0
"188","main",187,"yxuuh cnbc","T1T2",1,"left",15,"R","X",0,4,15,"I","Y",0,-10,0
"189","main",188,"yxuuh cnbc","T1T2",1,"left",17,"L","C",0,-10,17,"Q","D",0,-7,0
"190","main",189,"yxuuh cnbc","T1T2",1,"left",11,"U","U",1,0,11,"F","D",0,-3,0
"191","main",190,"yxuuh cnbc","T1",1,"left",9,"X","X",1,0,NA,"NaN","NaN",NA,NA,0
"192","main",191,"yxuuh cnbc","T1T2",1,"left",7,"G","C",0,-2,7,"U","Y",0,15,0
"193","main",192,"yxuuh cnbc","T1",1,"right",15,"C","C",1,0,NA,"NaN","NaN",NA,NA,0
"194","main",193,"yxuuh cnbc","T1T2",1,"left",15,"Z","Z",1,0,15,"F","Y",0,5,0
"195","main",194,"yxuuh cnbc","T1",1,"right",17,"I","M",0,1,NA,"NaN","NaN",NA,NA,0
"196","main",195,"yxuuh cnbc","T1",1,"right",15,"T","T",1,0,NA,"NaN","NaN",NA,NA,0
"197","main",196,"yxuuh cnbc","T1T2",1,"right",9,"A","J",0,6,9,"J","A",0,-9,0
"198","main",197,"yxuuh cnbc","T1",1,"right",9,"E","Y",0,-1,NA,"NaN","NaN",NA,NA,0
"199","main",198,"yxuuh cnbc","T1",1,"right",17,"G","C",0,-8,NA,"NaN","NaN",NA,NA,0
"200","main",199,"yxuuh cnbc","T1",1,"left",13,"E","A",0,1,NA,"NaN","NaN",NA,NA,0
"201","main",200,"yxuuh cnbc","T1",1,"left",9,"N","N",1,0,NA,"NaN","NaN",NA,NA,0
"202","main",201,"yxuuh cnbc","T1",1,"left",13,"Z","X",0,1,NA,"NaN","NaN",NA,NA,0
"203","main",202,"yxuuh cnbc","T1T2",1,"left",13,"Q","X",0,-9,13,"H","Z",0,-10,0
"204","main",203,"yxuuh cnbc","T1",1,"left",15,"W","W",1,0,NA,"NaN","NaN",NA,NA,0
"205","main",204,"yxuuh cnbc","T1T2",1,"left",11,"R","S",0,4,11,"S","R",0,-10,0
"206","main",205,"yxuuh cnbc","T1T2",1,"left",13,"I","Y",0,2,13,"Y","X",0,1,0
"207","main",206,"yxuuh cnbc","T1",1,"left",7,"G","J",0,9,NA,"NaN","NaN",NA,NA,0
"208","main",207,"yxuuh cnbc","T1T2",1,"left",9,"W","J",0,5,9,"U","M",0,6,0
"209","main",208,"yxuuh cnbc","T1T2",1,"left",17,"I","T",0,-11,17,"M","A",0,-6,0
"210","main",209,"yxuuh cnbc","T1T2",1,"left",11,"E","B",0,-3,11,"U","J",0,-10,0
"211","main",210,"yxuuh cnbc","T1T2",1,"right",17,"U","W",0,-6,17,"V","V",1,0,0
"212","main",211,"yxuuh cnbc","T1T2",1,"right",15,"X","P",0,1,15,"C","X",0,-6,0
"213","main",212,"yxuuh cnbc","T1",1,"left",17,"E","X",0,2,NA,"NaN","NaN",NA,NA,0
"214","main",213,"yxuuh cnbc","T1",1,"left",17,"W","W",1,0,NA,"NaN","NaN",NA,NA,0
"215","main",214,"yxuuh cnbc","T1",1,"right",13,"G","C",0,12,NA,"NaN","NaN",NA,NA,0
"216","main",215,"yxuuh cnbc","T1",1,"left",15,"P","H",0,-13,NA,"NaN","NaN",NA,NA,0
"217","main",216,"yxuuh cnbc","T1T2",1,"right",11,"D","X",0,-1,11,"T","D",0,4,0
"218","main",217,"yxuuh cnbc","T1T2",1,"right",9,"J","D",0,1,9,"E","J",0,10,0
"219","main",218,"yxuuh cnbc","T1T2",1,"right",17,"U","U",1,0,17,"B","L",0,-3,0
"220","main",219,"yxuuh cnbc","T1T2",1,"right",13,"T","S",0,1,13,"X","X",1,0,0
"221","main",220,"yxuuh cnbc","T1T2",1,"right",13,"M","A",0,2,13,"A","M",0,6,0
"222","main",221,"yxuuh cnbc","T1",1,"right",9,"S","S",1,0,NA,"NaN","NaN",NA,NA,0
"223","main",222,"yxuuh cnbc","T1",1,"right",7,"L","N",0,15,NA,"NaN","NaN",NA,NA,0
"224","main",223,"yxuuh cnbc","T1",1,"left",9,"P","W",0,1,NA,"NaN","NaN",NA,NA,0
"225","main",224,"yxuuh cnbc","T1",1,"right",13,"K","K",1,0,NA,"NaN","NaN",NA,NA,0
"226","main",225,"yxuuh cnbc","T1T2",1,"left",9,"E","E",1,0,9,"D","B",0,-1,0
"227","main",226,"yxuuh cnbc","T1T2",1,"left",7,"Q","P",0,12,7,"U","U",1,0,0
"228","main",227,"yxuuh cnbc","T1",1,"right",11,"H","U",0,7,NA,"NaN","NaN",NA,NA,0
"229","main",228,"yxuuh cnbc","T1T2",1,"right",11,"B","B",1,0,11,"M","M",1,0,0
"230","main",229,"yxuuh cnbc","T1",1,"left",11,"W","W",1,0,NA,"NaN","NaN",NA,NA,0
"231","main",230,"yxuuh cnbc","T1T2",1,"left",17,"V","M",0,-1,17,"Y","X",0,1,0
"232","main",231,"yxuuh cnbc","T1",1,"right",11,"V","W",0,1,NA,"NaN","NaN",NA,NA,0
"233","main",232,"yxuuh cnbc","T1",1,"right",7,"H","Y",0,1,NA,"NaN","NaN",NA,NA,0
"234","main",233,"yxuuh cnbc","T1T2",1,"left",15,"I","A",0,5,15,"A","X",0,-1,0
"235","main",234,"yxuuh cnbc","T1T2",1,"right",7,"Z","Z",1,0,7,"E","K",0,1,0
"236","main",235,"yxuuh cnbc","T1",1,"left",11,"C","C",1,0,NA,"NaN","NaN",NA,NA,0
"237","main",236,"yxuuh cnbc","T1T2",1,"right",7,"G","J",0,11,7,"J","D",0,2,0
"238","main",237,"yxuuh cnbc","T1T2",1,"left",7,"G","X",0,5,7,"X","C",0,7,0
"239","main",238,"yxuuh cnbc","T1",1,"left",7,"Q","W",0,1,NA,"NaN","NaN",NA,NA,0
"240","main",239,"yxuuh cnbc","T1T2",1,"right",15,"Z","Z",1,0,15,"U","A",0,-13,0
"241","main",240,"yxuuh cnbc","T1",1,"right",7,"A","P",0,1,NA,"NaN","NaN",NA,NA,0
"242","main",241,"yxuuh cnbc","T1",1,"right",17,"H","H",1,0,NA,"NaN","NaN",NA,NA,0
"243","main",242,"yxuuh cnbc","T1T2",1,"left",13,"G","P",0,-6,13,"P","W",0,-10,0
"244","main",243,"yxuuh cnbc","T1",1,"left",7,"P","P",1,0,NA,"NaN","NaN",NA,NA,0
"245","main",244,"yxuuh cnbc","T1T2",1,"right",17,"D","K",0,-13,17,"T","D",0,-2,0
"246","main",245,"yxuuh cnbc","T1T2",1,"left",13,"J","U",0,-1,13,"E","F",0,-3,0
"247","main",246,"yxuuh cnbc","T1",1,"left",13,"E","M",0,-9,NA,"NaN","NaN",NA,NA,0
"248","main",247,"yxuuh cnbc","T1T2",1,"left",17,"E","J",0,-4,17,"K","B",0,-2,0
"249","main",248,"yxuuh cnbc","T1",1,"right",11,"N","M",0,-1,NA,"NaN","NaN",NA,NA,0
"250","main",249,"yxuuh cnbc","T1T2",1,"right",11,"S","X",0,3,11,"E","S",0,-6,0
"251","main",250,"yxuuh cnbc","T1",1,"left",9,"M","M",1,0,NA,"NaN","NaN",NA,NA,0
"252","main",251,"yxuuh cnbc","T1",1,"left",7,"Z","X",0,5,NA,"NaN","NaN",NA,NA,0
"253","main",252,"yxuuh cnbc","T1",1,"left",15,"Z","X",0,-2,NA,"NaN","NaN",NA,NA,0
"254","main",253,"yxuuh cnbc","T1",1,"right",9,"S","S",1,0,NA,"NaN","NaN",NA,NA,0
"255","main",254,"yxuuh cnbc","T1T2",1,"left",11,"C","F",0,-4,11,"F","C",0,14,0
"256","main",255,"yxuuh cnbc","T1",1,"left",9,"Y","C",0,-7,NA,"NaN","NaN",NA,NA,0
"257","main",256,"yxuuh cnbc","T1T2",1,"right",17,"P","P",1,0,17,"B","X",0,2,0
"258","main",257,"yxuuh cnbc","T1",1,"left",11,"F","M",0,1,NA,"NaN","NaN",NA,NA,0
"259","main",258,"yxuuh cnbc","T1",1,"left",13,"V","M",0,-1,NA,"NaN","NaN",NA,NA,0
"260","main",259,"yxuuh cnbc","T1T2",1,"left",7,"R","M",0,-6,7,"W","R",0,-6,0
"261","main",260,"yxuuh cnbc","T1T2",1,"right",11,"E","F",0,-2,11,"M","M",1,0,0
"262","main",261,"yxuuh cnbc","T1",1,"left",15,"O","D",0,-2,NA,"NaN","NaN",NA,NA,0
"263","main",262,"yxuuh cnbc","T1T2",1,"left",15,"C","C",1,0,15,"F","X",0,1,0
"264","main",263,"yxuuh cnbc","T1T2",1,"left",7,"G","C",0,10,7,"X","X",1,0,0
"265","main",264,"yxuuh cnbc","T1T2",1,"right",13,"H","X",0,9,13,"V","V",1,0,0
"266","main",265,"yxuuh cnbc","T1",1,"right",15,"Z","Z",1,0,NA,"NaN","NaN",NA,NA,0
"267","main",266,"yxuuh cnbc","T1",1,"right",17,"J","J",1,0,NA,"NaN","NaN",NA,NA,0
"268","main",267,"yxuuh cnbc","T1T2",1,"right",15,"F","F",1,0,15,"G","D",0,10,0
"269","main",268,"yxuuh cnbc","T1",1,"right",15,"M","N",0,-2,NA,"NaN","NaN",NA,NA,0
"270","main",269,"yxuuh cnbc","T1",1,"right",13,"I","I",1,0,NA,"NaN","NaN",NA,NA,0
"271","main",270,"yxuuh cnbc","T1T2",1,"right",13,"Z","Z",1,0,13,"M","M",1,0,0
"272","main",271,"yxuuh cnbc","T1",1,"left",17,"N","M",0,8,NA,"NaN","NaN",NA,NA,0
"273","main",272,"yxuuh cnbc","T1T2",1,"left",9,"C","H",0,5,9,"T","S",0,11,0
"274","main",273,"yxuuh cnbc","T1T2",1,"left",11,"R","R",1,0,11,"J","J",1,0,0
"275","main",274,"yxuuh cnbc","T1T2",1,"right",15,"E","R",0,1,15,"D","N",0,1,0
"276","main",275,"yxuuh cnbc","T1",1,"right",11,"A","A",1,0,NA,"NaN","NaN",NA,NA,0
"277","main",276,"yxuuh cnbc","T1T2",1,"right",9,"O","D",0,16,9,"E","E",1,0,0
"278","main",277,"yxuuh cnbc","T1T2",1,"right",7,"R","D",0,-1,7,"E","R",0,-6,0
"279","main",278,"yxuuh cnbc","T1T2",1,"left",17,"J","J",1,0,17,"W","M",0,-12,0
"280","main",279,"yxuuh cnbc","T1T2",1,"left",9,"H","C",0,-8,9,"L","H",0,-6,0
"281","main",280,"yxuuh cnbc","T1T2",1,"right",9,"W","Z",0,5,9,"P","M",0,3,0
"282","main",281,"yxuuh cnbc","T1",1,"left",17,"T","Z",0,-12,NA,"NaN","NaN",NA,NA,0
"283","main",282,"yxuuh cnbc","T1T2",1,"left",15,"N","P",0,-9,15,"F","X",0,10,0
"284","main",283,"yxuuh cnbc","T1",1,"left",11,"U","U",1,0,NA,"NaN","NaN",NA,NA,0
"285","main",284,"yxuuh cnbc","T1",1,"right",13,"E","E",1,0,NA,"NaN","NaN",NA,NA,0
"286","main",285,"yxuuh cnbc","T1",1,"right",7,"R","A",0,1,NA,"NaN","NaN",NA,NA,0
"287","main",286,"yxuuh cnbc","T1",1,"right",9,"Y","D",0,1,NA,"NaN","NaN",NA,NA,0
"288","main",287,"yxuuh cnbc","T1T2",1,"right",7,"J","X",0,10,7,"X","P",0,-5,0
"289","main",288,"yxuuh cnbc","T1T2",1,"left",11,"Q","Q",1,0,11,"Z","Z",1,0,0
"290","main",289,"yxuuh cnbc","T1T2",1,"left",7,"C","J",0,-7,7,"N","C",0,12,0
"291","main",290,"yxuuh cnbc","T1T2",1,"left",15,"K","B",0,1,15,"V","X",0,-15,0
"292","main",291,"yxuuh cnbc","T1T2",1,"left",9,"U","C",0,1,9,"X","X",1,0,0
"293","main",292,"yxuuh cnbc","T1T2",1,"left",7,"D","P",0,-5,7,"T","T",1,0,0
"294","main",293,"yxuuh cnbc","T1",1,"left",9,"R","L",0,-2,NA,"NaN","NaN",NA,NA,0
"295","main",294,"yxuuh cnbc","T1T2",1,"right",17,"L","E",0,6,17,"E","L",0,-13,0
"296","main",295,"yxuuh cnbc","T1T2",1,"right",9,"A","N",0,-7,9,"N","A",0,12,0
"297","main",296,"yxuuh cnbc","T1",1,"left",17,"O","D",0,-9,NA,"NaN","NaN",NA,NA,0
"298","main",297,"yxuuh cnbc","T1",1,"right",13,"I","X",0,-13,NA,"NaN","NaN",NA,NA,0
"299","main",298,"yxuuh cnbc","T1",1,"right",9,"K","K",1,0,NA,"NaN","NaN",NA,NA,0
"300","main",299,"yxuuh cnbc","T1",1,"left",11,"X","X",1,0,NA,"NaN","NaN",NA,NA,0
"301","main",300,"yxuuh cnbc","T1T2",1,"right",9,"I","X",0,2,9,"H","H",1,0,0
"302","main",301,"yxuuh cnbc","T1",1,"right",15,"H","C",0,5,NA,"NaN","NaN",NA,NA,0
"303","main",302,"yxuuh cnbc","T1T2",1,"left",17,"V","N",0,1,17,"B","B",1,0,0
"304","main",303,"yxuuh cnbc","T1",1,"left",13,"Q","W",0,1,NA,"NaN","NaN",NA,NA,0
"305","main",304,"yxuuh cnbc","T1",1,"left",15,"R","R",1,0,NA,"NaN","NaN",NA,NA,0
"306","main",305,"yxuuh cnbc","T1T2",1,"left",13,"H","X",0,6,13,"K","R",0,-5,0
"307","main",306,"yxuuh cnbc","T1",1,"left",13,"W","W",1,0,NA,"NaN","NaN",NA,NA,0
"308","main",307,"yxuuh cnbc","T1T2",1,"right",11,"K","K",1,0,11,"X","M",0,-4,0
"309","main",308,"yxuuh cnbc","T1",1,"right",17,"F","K",0,1,NA,"NaN","NaN",NA,NA,0
"310","main",309,"yxuuh cnbc","T1",1,"left",7,"K","X",0,1,NA,"NaN","NaN",NA,NA,0
"311","main",310,"yxuuh cnbc","T1T2",1,"left",15,"N","M",0,-5,15,"G","K",0,-1,0
"312","main",311,"yxuuh cnbc","T1T2",1,"right",15,"Q","Q",1,0,15,"O","J",0,-1,0
"313","main",312,"yxuuh cnbc","T1T2",1,"right",13,"Z","Z",1,0,13,"W","M",0,-5,0
"314","main",313,"yxuuh cnbc","T1T2",1,"left",13,"C","M",0,-4,13,"H","C",0,11,0
"315","main",314,"yxuuh cnbc","T1",1,"right",7,"G","X",0,-1,NA,"NaN","NaN",NA,NA,0
"316","main",315,"yxuuh cnbc","T1T2",1,"right",11,"N","D",0,-3,11,"D","X",0,-6,0
"317","main",316,"yxuuh cnbc","T1T2",1,"right",7,"G","H",0,9,7,"F","B",0,14,0
"318","main",317,"yxuuh cnbc","T1",1,"right",15,"Q","Q",1,0,NA,"NaN","NaN",NA,NA,0
"319","main",318,"yxuuh cnbc","T1",1,"right",9,"G","M",0,1,NA,"NaN","NaN",NA,NA,0
"320","main",319,"yxuuh cnbc","T1",1,"left",11,"Z","Z",1,0,NA,"NaN","NaN",NA,NA,0
"321","main",320,"yxuuh cnbc","T1",1,"left",15,"X","X",1,0,NA,"NaN","NaN",NA,NA,0
"322","main",321,"yxuuh cnbc","T1",1,"right",17,"Y","X",0,-8,NA,"NaN","NaN",NA,NA,0
"323","main",322,"yxuuh cnbc","T1T2",1,"right",7,"W","Z",0,-1,7,"H","M",0,-6,0
"324","main",323,"yxuuh cnbc","T1",1,"left",7,"Z","Z",1,0,NA,"NaN","NaN",NA,NA,0
"325","main",324,"yxuuh cnbc","T1T2",1,"left",9,"Z","M",0,2,9,"H","Z",0,3,0
"326","main",325,"yxuuh cnbc","T1T2",1,"left",17,"T","X",0,-12,17,"C","V",0,-15,0
"327","main",326,"yxuuh cnbc","T1",1,"right",7,"M","M",1,0,NA,"NaN","NaN",NA,NA,0
"328","main",327,"yxuuh cnbc","T1",1,"right",11,"M","M",1,0,NA,"NaN","NaN",NA,NA,0
"329","main",328,"yxuuh cnbc","T1T2",1,"left",11,"M","X",0,3,11,"C","M",0,6,0
"330","main",329,"yxuuh cnbc","T1T2",1,"right",15,"Q","R",0,-9,15,"D","Q",0,-10,0
"331","main",330,"yxuuh cnbc","T1",1,"left",9,"S","S",1,0,NA,"NaN","NaN",NA,NA,0
"332","main",331,"yxuuh cnbc","T1T2",1,"right",17,"O","O",1,0,17,"B","P",0,-13,0
"333","main",332,"yxuuh cnbc","T1",1,"right",11,"D","B",0,-1,NA,"NaN","NaN",NA,NA,0
"334","main",333,"yxuuh cnbc","T1T2",1,"right",13,"C","U",0,11,13,"O","C",0,3,0
"335","main",334,"yxuuh cnbc","T1",1,"right",13,"I","X",0,1,NA,"NaN","NaN",NA,NA,0
"336","main",335,"yxuuh cnbc","T1",1,"left",17,"P","P",1,0,NA,"NaN","NaN",NA,NA,0
"337","main",336,"yxuuh cnbc","T1T2",1,"left",7,"Y","Z",0,1,7,"T","T",1,0,0
"338","main",337,"yxuuh cnbc","T1",1,"left",7,"G","C",0,12,NA,"NaN","NaN",NA,NA,0
"339","main",338,"yxuuh cnbc","T1T2",1,"right",17,"A","J",0,1,17,"M","A",0,-4,0
"340","main",339,"yxuuh cnbc","T1",1,"left",15,"Z","P",0,1,NA,"NaN","NaN",NA,NA,0
"341","main",340,"yxuuh cnbc","T1T2",1,"right",7,"P","X",0,4,7,"I","P",0,-4,0
"342","main",341,"yxuuh cnbc","T1",1,"left",17,"D","D",1,0,NA,"NaN","NaN",NA,NA,0
"343","main",342,"yxuuh cnbc","T1T2",1,"left",15,"F","X",0,6,15,"Y","Y",1,0,0
"344","main",343,"yxuuh cnbc","T1T2",1,"left",15,"G","C",0,-8,15,"O","F",0,-3,0
"345","main",344,"yxuuh cnbc","T1T2",1,"right",11,"O","P",0,9,11,"L","X",0,5,0
"346","main",345,"yxuuh cnbc","T1T2",1,"right",17,"M","W",0,-5,17,"W","X",0,5,0
"347","main",346,"yxuuh cnbc","T1T2",1,"left",7,"N","N",1,0,7,"B","P",0,10,0
"348","main",347,"yxuuh cnbc","T1",1,"right",15,"Z","Z",1,0,NA,"NaN","NaN",NA,NA,0
"349","main",348,"yxuuh cnbc","T1T2",1,"right",7,"H","P",0,2,7,"Q","Q",1,0,0
"350","main",349,"yxuuh cnbc","T1",1,"right",11,"X","P",0,-8,NA,"NaN","NaN",NA,NA,0
"351","main",350,"yxuuh cnbc","T1",1,"left",9,"J","D",0,1,NA,"NaN","NaN",NA,NA,0
"352","main",351,"yxuuh cnbc","T1",1,"left",13,"Z","Z",1,0,NA,"NaN","NaN",NA,NA,0
"353","main",352,"yxuuh cnbc","T1",1,"right",15,"G","X",0,-10,NA,"NaN","NaN",NA,NA,0
"354","main",353,"yxuuh cnbc","T1T2",1,"left",11,"K","O",0,11,11,"O","K",0,-7,0
"355","main",354,"yxuuh cnbc","T1T2",1,"left",17,"L","L",1,0,17,"B","R",0,-2,0
"356","main",355,"yxuuh cnbc","T1T2",1,"left",9,"C","S",0,1,9,"J","X",0,1,0
"357","main",356,"yxuuh cnbc","T1T2",1,"right",15,"C","X",0,10,15,"Z","C",0,10,0
"358","main",357,"yxuuh cnbc","T1T2",1,"right",11,"D","D",1,0,11,"R","R",1,0,0
"359","main",358,"yxuuh cnbc","T1",1,"right",13,"A","K",0,1,NA,"NaN","NaN",NA,NA,0
"360","main",359,"yxuuh cnbc","T1",1,"left",11,"E","V",0,1,NA,"NaN","NaN",NA,NA,0
"361","main",360,"yxuuh cnbc","T1T2",1,"left",17,"F","F",1,0,17,"T","H",0,-1,0
"362","main",361,"yxuuh cnbc","T1T2",1,"left",13,"V","X",0,1,13,"Z","I",0,-1,0
"363","main",362,"yxuuh cnbc","T1T2",1,"left",9,"F","S",0,2,9,"G","Z",0,7,0
"364","main",363,"yxuuh cnbc","T1",1,"right",17,"T","G",0,1,NA,"NaN","NaN",NA,NA,0
"365","main",364,"yxuuh cnbc","T1T2",1,"left",11,"B","B",1,0,11,"S","S",1,0,0
"366","main",365,"yxuuh cnbc","T1",1,"right",13,"V","V",1,0,NA,"NaN","NaN",NA,NA,0
"367","main",366,"yxuuh cnbc","T1",1,"left",15,"N","M",0,3,NA,"NaN","NaN",NA,NA,0
"368","main",367,"yxuuh cnbc","T1",1,"right",11,"F","N",0,1,NA,"NaN","NaN",NA,NA,0
"369","main",368,"yxuuh cnbc","T1T2",1,"left",13,"T","R",0,-10,13,"R","S",0,-2,0
"370","main",369,"yxuuh cnbc","T1",1,"right",9,"E","B",0,1,NA,"NaN","NaN",NA,NA,0
"371","main",370,"yxuuh cnbc","T1T2",1,"right",13,"H","Z",0,2,13,"F","H",0,4,0
"372","main",371,"yxuuh cnbc","T1",1,"left",17,"V","V",1,0,NA,"NaN","NaN",NA,NA,0
"373","main",372,"yxuuh cnbc","T1T2",1,"right",13,"A","A",1,0,13,"P","P",1,0,0
"374","main",373,"yxuuh cnbc","T1",1,"right",17,"E","W",0,-16,NA,"NaN","NaN",NA,NA,0
"375","main",374,"yxuuh cnbc","T1T2",1,"right",9,"P","P",1,0,9,"U","U",1,0,0
"376","main",375,"yxuuh cnbc","T1T2",1,"right",15,"O","G",0,-1,15,"V","V",1,0,0
"377","main",376,"yxuuh cnbc","T1",1,"left",9,"Y","Z",0,1,NA,"NaN","NaN",NA,NA,0
"378","main",377,"yxuuh cnbc","T1",1,"left",13,"U","U",1,0,NA,"NaN","NaN",NA,NA,0
"379","main",378,"yxuuh cnbc","T1",1,"left",11,"D","D",1,0,NA,"NaN","NaN",NA,NA,0
"380","main",379,"yxuuh cnbc","T1",1,"right",9,"B","C",0,10,NA,"NaN","NaN",NA,NA,0
"381","main",380,"yxuuh cnbc","T1",1,"right",7,"Q","S",0,1,NA,"NaN","NaN",NA,NA,0
"382","main",381,"yxuuh cnbc","T1",1,"right",7,"U","V",0,2,NA,"NaN","NaN",NA,NA,0
"383","main",382,"yxuuh cnbc","T1T2",1,"right",9,"U","X",0,-1,9,"O","M",0,-5,0
"384","main",383,"yxuuh cnbc","T1",1,"left",7,"V","K",0,18,NA,"NaN","NaN",NA,NA,0
"385","main",384,"yxuuh cnbc","T1T2",1,"right",13,"T","U",0,7,13,"A","M",0,-12,0
"386","main",385,"yxuuh cnbc","T1T2",1,"right",7,"B","B",1,0,7,"H","M",0,5,0
"387","main",386,"yxuuh cnbc","T1T2",1,"right",17,"Y","Q",0,-5,17,"O","P",0,-17,0
"388","main",387,"yxuuh cnbc","T1",1,"left",9,"H","H",1,0,NA,"NaN","NaN",NA,NA,0
"389","main",388,"yxuuh cnbc","T1T2",1,"left",13,"N","M",0,-12,13,"Z","P",0,-3,0
"390","main",389,"yxuuh cnbc","T1",1,"right",13,"Q","F",0,-4,NA,"NaN","NaN",NA,NA,0
"391","main",390,"yxuuh cnbc","T1T2",1,"right",11,"M","M",1,0,11,"A","I",0,1,0
"392","main",391,"yxuuh cnbc","T1",1,"left",7,"B","B",1,0,NA,"NaN","NaN",NA,NA,0
"393","main",392,"yxuuh cnbc","T1",1,"left",17,"B","B",1,0,NA,"NaN","NaN",NA,NA,0
"394","main",393,"yxuuh cnbc","T1",1,"right",7,"R","R",1,0,NA,"NaN","NaN",NA,NA,0
"395","main",394,"yxuuh cnbc","T1",1,"right",17,"Z","Z",1,0,NA,"NaN","NaN",NA,NA,0
"396","main",395,"yxuuh cnbc","T1T2",1,"left",7,"J","Q",0,1,7,"L","P",0,1,0
"397","main",396,"yxuuh cnbc","T1T2",1,"left",9,"G","C",0,-1,9,"O","X",0,-8,0
"398","main",397,"yxuuh cnbc","T1",1,"right",9,"G","C",0,8,NA,"NaN","NaN",NA,NA,0
"399","main",398,"yxuuh cnbc","T1T2",1,"right",17,"Z","X",0,-4,17,"I","C",0,-9,0
"400","main",399,"yxuuh cnbc","T1",1,"left",11,"R","X",0,3,NA,"NaN","NaN",NA,NA,0
"401","main",400,"yxuuh cnbc","T1",1,"left",15,"P","Z",0,1,NA,"NaN","NaN",NA,NA,0
"402","main",401,"yxuuh cnbc","T1",1,"right",9,"V","V",1,0,NA,"NaN","NaN",NA,NA,0
"403","main",402,"yxuuh cnbc","T1",1,"left",11,"N","M",0,-1,NA,"NaN","NaN",NA,NA,0
"404","main",403,"yxuuh cnbc","T1",1,"right",15,"E","B",0,-2,NA,"NaN","NaN",NA,NA,0
"405","main",404,"yxuuh cnbc","T1",1,"left",13,"M","M",1,0,NA,"NaN","NaN",NA,NA,0
"406","main",405,"yxuuh cnbc","T1T2",1,"left",17,"T","B",0,1,17,"F","F",1,0,0
"407","main",406,"yxuuh cnbc","T1",1,"right",15,"K","K",1,0,NA,"NaN","NaN",NA,NA,0
"408","main",407,"yxuuh cnbc","T1",1,"right",13,"T","W",0,-5,NA,"NaN","NaN",NA,NA,0
"409","main",408,"yxuuh cnbc","T1T2",1,"right",13,"B","B",1,0,13,"A","X",0,1,0
"410","main",409,"yxuuh cnbc","T1",1,"left",9,"K","X",0,11,NA,"NaN","NaN",NA,NA,0
"411","main",410,"yxuuh cnbc","T1",1,"right",17,"Z","O",0,1,NA,"NaN","NaN",NA,NA,0
"412","main",411,"yxuuh cnbc","T1T2",1,"right",11,"N","K",0,-6,11,"Y","D",0,-5,0
"413","main",412,"yxuuh cnbc","T1",1,"left",15,"J","V",0,-14,NA,"NaN","NaN",NA,NA,0
"414","main",413,"yxuuh cnbc","T1T2",1,"right",15,"Q","D",0,-14,15,"D","M",0,-15,0
"415","main",414,"yxuuh cnbc","T1T2",1,"left",11,"Y","W",0,6,11,"W","C",0,2,0
"416","main",415,"yxuuh cnbc","T1",1,"right",11,"N","M",0,-4,NA,"NaN","NaN",NA,NA,0
"417","main",416,"yxuuh cnbc","T1T2",1,"left",11,"P","X",0,-7,11,"A","W",0,10,0
"418","main",417,"yxuuh cnbc","T1",1,"left",7,"G","C",0,9,NA,"NaN","NaN",NA,NA,0
"419","main",418,"yxuuh cnbc","T1T2",1,"left",15,"Y","P",0,3,15,"P","Y",0,8,0
"420","main",419,"yxuuh cnbc","T1",1,"right",7,"A","A",1,0,NA,"NaN","NaN",NA,NA,0
"421","main",420,"yxuuh cnbc","T1T2",1,"left",17,"N","X",0,4,17,"R","Y",0,1,0
"422","main",421,"yxuuh cnbc","T1",1,"left",13,"W","M",0,-4,NA,"NaN","NaN",NA,NA,0
"423","main",422,"yxuuh cnbc","T1T2",1,"right",9,"T","P",0,-5,9,"P","R",0,6,0
"424","main",423,"yxuuh cnbc","T1T2",1,"right",9,"S","V",0,-6,9,"V","X",0,14,0
"425","main",424,"yxuuh cnbc","T1T2",1,"left",7,"P","O",0,4,7,"O","P",0,-2,0
"426","main",425,"yxuuh cnbc","T1T2",1,"left",9,"W","W",1,0,9,"F","C",0,1,0
"427","main",426,"yxuuh cnbc","T1",1,"right",11,"E","H",0,-1,NA,"NaN","NaN",NA,NA,0
"428","main",427,"yxuuh cnbc","T1T2",1,"right",7,"N","J",0,5,7,"I","A",0,5,0
"429","main",428,"yxuuh cnbc","T1T2",1,"right",15,"H","V",0,1,15,"N","W",0,-13,0
"430","main",429,"yxuuh cnbc","T1T2",1,"left",13,"C","P",0,-10,13,"Q","C",0,5,0
"431","main",430,"yxuuh cnbc","T1T2",1,"left",15,"V","W",0,-4,15,"S","U",0,-2,0
"432","main",431,"yxuuh cnbc","T1",1,"left",17,"W","P",0,-16,NA,"NaN","NaN",NA,NA,0
"433","main",432,"yxuuh cnbc","T1",1,"left",7,"H","M",0,9,NA,"NaN","NaN",NA,NA,0
"434","main",433,"yxuuh cnbc","T1T2",1,"left",13,"V","V",1,0,13,"E","W",0,12,0
"435","main",434,"yxuuh cnbc","T1",1,"right",7,"Q","Q",1,0,NA,"NaN","NaN",NA,NA,0
"436","main",435,"yxuuh cnbc","T1T2",1,"right",7,"H","U",0,2,7,"A","V",0,4,0
"437","main",436,"yxuuh cnbc","T1",1,"right",9,"W","W",1,0,NA,"NaN","NaN",NA,NA,0
"438","main",437,"yxuuh cnbc","T1",1,"right",15,"B","M",0,1,NA,"NaN","NaN",NA,NA,0
"439","main",438,"yxuuh cnbc","T1",1,"right",15,"P","R",0,-1,NA,"NaN","NaN",NA,NA,0
"440","main",439,"yxuuh cnbc","T1",1,"left",11,"O","L",0,11,NA,"NaN","NaN",NA,NA,0
"441","main",440,"yxuuh cnbc","T1",1,"right",17,"A","A",1,0,NA,"NaN","NaN",NA,NA,0
"442","main",441,"yxuuh cnbc","T1",1,"right",7,"V","V",1,0,NA,"NaN","NaN",NA,NA,0
"443","main",442,"yxuuh cnbc","T1T2",1,"left",7,"P","E",0,4,7,"E","P",0,10,0
"444","main",443,"yxuuh cnbc","T1T2",1,"left",17,"Y","X",0,-5,17,"E","B",0,-16,0
"445","main",444,"yxuuh cnbc","T1",1,"left",17,"V","V",1,0,NA,"NaN","NaN",NA,NA,0
"446","main",445,"yxuuh cnbc","T1T2",1,"right",13,"N","N",1,0,13,"D","A",0,-1,0
"447","main",446,"yxuuh cnbc","T1",1,"right",13,"H","H",1,0,NA,"NaN","NaN",NA,NA,0
"448","main",447,"yxuuh cnbc","T1T2",1,"left",7,"R","B",0,1,7,"B","J",0,13,0
"449","main",448,"yxuuh cnbc","T1",1,"left",13,"Q","B",0,-12,NA,"NaN","NaN",NA,NA,0
"450","main",449,"yxuuh cnbc","T1",1,"right",13,"R","G",0,1,NA,"NaN","NaN",NA,NA,0
"451","main",450,"yxuuh cnbc","T1T2",1,"right",17,"D","A",0,-6,17,"Q","V",0,-9,0
"452","main",451,"yxuuh cnbc","T1",1,"left",9,"Y","X",0,-4,NA,"NaN","NaN",NA,NA,0
"453","main",452,"yxuuh cnbc","T1T2",1,"right",7,"Z","H",0,-1,7,"R","Z",0,16,0
"454","main",453,"yxuuh cnbc","T1",1,"left",15,"G","G",1,0,NA,"NaN","NaN",NA,NA,0
"455","main",454,"yxuuh cnbc","T1T2",1,"left",17,"H","C",0,6,17,"X","X",1,0,0
"456","main",455,"yxuuh cnbc","T1",1,"right",17,"C","C",1,0,NA,"NaN","NaN",NA,NA,0
"457","main",456,"yxuuh cnbc","T1",1,"left",7,"M","M",1,0,NA,"NaN","NaN",NA,NA,0
"458","main",457,"yxuuh cnbc","T1T2",1,"right",11,"Z","X",0,-5,11,"D","D",1,0,0
"459","main",458,"yxuuh cnbc","T1",1,"right",11,"Q","G",0,13,NA,"NaN","NaN",NA,NA,0
"460","main",459,"yxuuh cnbc","T1T2",1,"right",13,"T","C",0,1,13,"M","M",1,0,0
"461","main",460,"yxuuh cnbc","T1T2",1,"left",15,"U","C",0,7,15,"D","U",0,10,0
"462","main",461,"yxuuh cnbc","T1T2",1,"right",11,"B","J",0,6,11,"N","B",0,-4,0
"463","main",462,"yxuuh cnbc","T1T2",1,"right",17,"B","B",1,0,17,"I","I",1,0,0
"464","main",463,"yxuuh cnbc","T1T2",1,"left",15,"F","F",1,0,15,"O","Y",0,1,0
"465","main",464,"yxuuh cnbc","T1T2",1,"left",11,"Q","Q",1,0,11,"Z","X",0,3,0
"466","main",465,"yxuuh cnbc","T1T2",1,"left",13,"V","M",0,-7,13,"M","P",0,6,0
"467","main",466,"yxuuh cnbc","T1T2",1,"left",9,"M","M",1,0,9,"G","G",1,0,0
"468","main",467,"yxuuh cnbc","T1",1,"left",15,"V","W",0,-1,NA,"NaN","NaN",NA,NA,0
"469","main",468,"yxuuh cnbc","T1",1,"right",9,"R","R",1,0,NA,"NaN","NaN",NA,NA,0
"470","main",469,"yxuuh cnbc","T1",1,"left",13,"O","O",1,0,NA,"NaN","NaN",NA,NA,0
"471","main",470,"yxuuh cnbc","T1",1,"left",11,"I","I",1,0,NA,"NaN","NaN",NA,NA,0
"472","main",471,"yxuuh cnbc","T1T2",1,"left",11,"K","Z",0,-9,11,"Z","K",0,1,0
"473","main",472,"yxuuh cnbc","T1T2",1,"right",15,"V","A",0,-13,15,"Y","Y",1,0,0
"474","main",473,"yxuuh cnbc","T1",1,"left",17,"S","S",1,0,NA,"NaN","NaN",NA,NA,0
"475","main",474,"yxuuh cnbc","T1",1,"right",11,"Y","Y",1,0,NA,"NaN","NaN",NA,NA,0
"476","main",475,"yxuuh cnbc","T1T2",1,"right",9,"J","J",1,0,9,"L","R",0,16,0
"477","main",476,"yxuuh cnbc","T1T2",1,"right",15,"B","A",0,1,15,"G","B",0,-14,0
"478","main",477,"yxuuh cnbc","T1T2",1,"right",9,"Y","Y",1,0,9,"L","T",0,1,0
"479","main",478,"yxuuh cnbc","T1",1,"left",9,"Z","Z",1,0,NA,"NaN","NaN",NA,NA,0
"480","main",479,"yxuuh cnbc","T1T2",1,"left",9,"O","P",0,-2,9,"P","O",0,-7,0
"481","main",480,"yxuuh cnbc","T1",1,"right",15,"A","Y",0,1,NA,"NaN","NaN",NA,NA,0
"482","main",481,"yxuuh cnbc","T1T2",1,"right",17,"T","S",0,-7,17,"V","C",0,-4,0
"483","main",482,"yxuuh cnbc","T1T2",1,"right",13,"M","J",0,-5,13,"J","M",0,-1,0
"484","main",483,"yxuuh cnbc","T1T2",1,"left",17,"A","P",0,-15,17,"P","A",0,-8,0
"485","main",484,"yxuuh cnbc","T1",1,"left",7,"I","V",0,4,NA,"NaN","NaN",NA,NA,0
"486","main",485,"yxuuh cnbc","T1",1,"right",11,"U","J",0,-2,NA,"NaN","NaN",NA,NA,0
"487","main",486,"yxuuh cnbc","T1T2",1,"right",13,"F","X",0,4,13,"O","P",0,-5,0
"488","main",487,"yxuuh cnbc","T1",1,"left",17,"J","J",1,0,NA,"NaN","NaN",NA,NA,0
"489","main",488,"yxuuh cnbc","T1",1,"left",9,"L","W",0,1,NA,"NaN","NaN",NA,NA,0
"490","main",489,"yxuuh cnbc","T1T2",1,"left",15,"U","V",0,2,15,"G","C",0,-8,0
"491","main",490,"yxuuh cnbc","T1T2",1,"right",7,"T","T",1,0,7,"H","H",1,0,0
"492","main",491,"yxuuh cnbc","T1T2",1,"left",13,"Q","T",0,11,13,"T","Q",0,3,0
"493","main",492,"yxuuh cnbc","T1",1,"right",7,"O","V",0,1,NA,"NaN","NaN",NA,NA,0
"494","main",493,"yxuuh cnbc","T1",1,"right",9,"E","X",0,1,NA,"NaN","NaN",NA,NA,0
"495","main",494,"yxuuh cnbc","T1",1,"left",7,"I","K",0,1,NA,"NaN","NaN",NA,NA,0
"496","main",495,"yxuuh cnbc","T1T2",1,"right",17,"T","C",0,1,17,"J","J",1,0,0
"497","main",496,"yxuuh cnbc","T1T2",1,"left",17,"P","P",1,0,17,"J","J",1,0,0
"498","main",497,"yxuuh cnbc","T1",1,"right",15,"D","D",1,0,NA,"NaN","NaN",NA,NA,0
"499","main",498,"yxuuh cnbc","T1T2",1,"left",11,"Z","Z",1,0,11,"P","P",1,0,0
"500","main",499,"yxuuh cnbc","T1",1,"left",11,"I","I",1,0,NA,"NaN","NaN",NA,NA,0
"501","main",500,"yxuuh cnbc","T1T2",1,"left",11,"K","Z",0,13,11,"Z","M",0,14,0
"502","main",501,"yxuuh cnbc","T1",1,"right",7,"R","X",0,-1,NA,"NaN","NaN",NA,NA,0
"503","main",502,"yxuuh cnbc","T1",1,"left",11,"M","M",1,0,NA,"NaN","NaN",NA,NA,0
"504","main",503,"yxuuh cnbc","T1",1,"right",13,"D","B",0,1,NA,"NaN","NaN",NA,NA,0
"505","main",504,"yxuuh cnbc","T1",1,"left",13,"P","P",1,0,NA,"NaN","NaN",NA,NA,0
"506","main",505,"yxuuh cnbc","T1T2",1,"right",15,"Q","Z",0,10,15,"Z","Q",0,7,0
"507","main",506,"yxuuh cnbc","T1T2",1,"right",11,"J","J",1,0,11,"X","B",0,-10,0
"508","main",507,"yxuuh cnbc","T1",1,"right",11,"A","X",0,1,NA,"NaN","NaN",NA,NA,0
"509","main",508,"yxuuh cnbc","T1",1,"left",15,"D","D",1,0,NA,"NaN","NaN",NA,NA,0
"510","main",509,"yxuuh cnbc","T1",1,"right",9,"R","P",0,-1,NA,"NaN","NaN",NA,NA,0
"511","main",510,"yxuuh cnbc","T1T2",1,"right",9,"H","M",0,-5,9,"F","K",0,-1,0
"512","main",511,"yxuuh cnbc","T1",1,"left",17,"G","D",0,1,NA,"NaN","NaN",NA,NA,0
"513","main",512,"yxuuh cnbc","T1T2",1,"right",15,"Z","D",0,1,15,"L","J",0,-6,0
"514","main",513,"yxuuh cnbc","T1",1,"left",13,"Z","X",0,-2,NA,"NaN","NaN",NA,NA,0
"515","main",514,"yxuuh cnbc","T1",1,"left",15,"M","M",1,0,NA,"NaN","NaN",NA,NA,0
"516","main",515,"yxuuh cnbc","T1T2",1,"left",7,"Y","T",0,1,7,"L","M",0,1,0
"517","main",516,"yxuuh cnbc","T1",1,"right",17,"U","K",0,-1,NA,"NaN","NaN",NA,NA,0
"518","main",517,"yxuuh cnbc","T1",1,"left",9,"X","X",1,0,NA,"NaN","NaN",NA,NA,0
"519","main",518,"yxuuh cnbc","T1T2",1,"left",9,"H","S",0,-2,9,"G","K",0,4,0
"520","main",519,"yxuuh cnbc","T1T2",1,"right",9,"C","C",1,0,9,"F","P",0,1,0
"521","main",520,"yxuuh cnbc","T1T2",1,"left",13,"W","W",1,0,13,"X","X",1,0,0
"522","main",521,"yxuuh cnbc","T1",1,"right",13,"W","W",1,0,NA,"NaN","NaN",NA,NA,0
"523","main",522,"yxuuh cnbc","T1T2",1,"right",7,"F","H",0,11,7,"H","M",0,-4,0
"524","main",523,"yxuuh cnbc","T1T2",1,"left",15,"Z","K",0,1,15,"S","S",1,0,0
"525","main",524,"yxuuh cnbc","T1",1,"right",17,"M","M",1,0,NA,"NaN","NaN",NA,NA,0
"526","main",525,"yxuuh cnbc","T1T2",1,"right",11,"R","R",1,0,11,"U","U",1,0,0
"527","main",526,"yxuuh cnbc","T1T2",1,"left",9,"K","K",1,0,9,"Y","M",0,-2,0
"528","main",527,"yxuuh cnbc","T1T2",1,"left",7,"W","X",0,14,7,"E","M",0,11,0
"529","main",528,"yxuuh cnbc","T1",1,"right",15,"E","E",1,0,NA,"NaN","NaN",NA,NA,0
"530","main",529,"yxuuh cnbc","T1T2",1,"left",15,"E","X",0,-6,15,"X","Y",0,-9,0
"531","main",530,"yxuuh cnbc","T1T2",1,"left",15,"X","M",0,-10,15,"M","X",0,-5,0
"532","main",531,"yxuuh cnbc","T1",1,"right",9,"Q","Q",1,0,NA,"NaN","NaN",NA,NA,0
"533","main",532,"yxuuh cnbc","T1",1,"left",13,"W","W",1,0,NA,"NaN","NaN",NA,NA,0
"534","main",533,"yxuuh cnbc","T1",1,"right",17,"Q","Q",1,0,NA,"NaN","NaN",NA,NA,0
"535","main",534,"yxuuh cnbc","T1",1,"left",7,"E","E",1,0,NA,"NaN","NaN",NA,NA,0
"536","main",535,"yxuuh cnbc","T1T2",1,"right",7,"H","E",0,6,7,"F","T",0,1,0
"537","main",536,"yxuuh cnbc","T1",1,"right",11,"V","V",1,0,NA,"NaN","NaN",NA,NA,0
"538","main",537,"yxuuh cnbc","T1T2",1,"right",15,"F","Y",0,9,15,"Y","M",0,-8,0
"539","main",538,"yxuuh cnbc","T1",1,"right",9,"C","C",1,0,NA,"NaN","NaN",NA,NA,0
"540","main",539,"yxuuh cnbc","T1T2",1,"right",7,"G","V",0,9,7,"V","A",0,2,0
"541","main",540,"yxuuh cnbc","T1",1,"right",7,"W","W",1,0,NA,"NaN","NaN",NA,NA,0
"542","main",541,"yxuuh cnbc","T1T2",1,"left",7,"S","C",0,10,7,"C","X",0,6,0
"543","main",542,"yxuuh cnbc","T1T2",1,"left",9,"I","J",0,15,9,"J","I",0,3,0
"544","main",543,"yxuuh cnbc","T1",1,"right",7,"C","V",0,1,NA,"NaN","NaN",NA,NA,0
"545","main",544,"yxuuh cnbc","T1",1,"left",11,"J","M",0,-3,NA,"NaN","NaN",NA,NA,0
"546","main",545,"yxuuh cnbc","T1",1,"right",13,"G","E",0,-1,NA,"NaN","NaN",NA,NA,0
"547","main",546,"yxuuh cnbc","T1T2",1,"left",11,"B","B",1,0,11,"A","X",0,-2,0
"548","main",547,"yxuuh cnbc","T1T2",1,"right",11,"V","J",0,6,11,"I","M",0,-10,0
"549","main",548,"yxuuh cnbc","T1",1,"right",11,"Z","Z",1,0,NA,"NaN","NaN",NA,NA,0
"550","main",549,"yxuuh cnbc","T1",1,"left",7,"K","K",1,0,NA,"NaN","NaN",NA,NA,0
"551","main",550,"yxuuh cnbc","T1T2",1,"right",11,"H","H",1,0,11,"V","V",1,0,0
"552","main",551,"yxuuh cnbc","T1",1,"right",17,"K","X",0,-16,NA,"NaN","NaN",NA,NA,0
"553","main",552,"yxuuh cnbc","T1",1,"left",15,"T","T",1,0,NA,"NaN","NaN",NA,NA,0
"554","main",553,"yxuuh cnbc","T1T2",1,"left",7,"J","B",0,1,7,"N","M",0,5,0
"555","main",554,"yxuuh cnbc","T1T2",1,"left",17,"K","K",1,0,17,"L","M",0,-6,0
"556","main",555,"yxuuh cnbc","T1",1,"left",11,"J","J",1,0,NA,"NaN","NaN",NA,NA,0
"557","main",556,"yxuuh cnbc","T1",1,"left",17,"X","X",1,0,NA,"NaN","NaN",NA,NA,0
"558","main",557,"yxuuh cnbc","T1T2",1,"right",13,"Z","Z",1,0,13,"W","M",0,-3,0
"559","main",558,"yxuuh cnbc","T1T2",1,"right",9,"S","S",1,0,9,"T","J",0,-1,0
"560","main",559,"yxuuh cnbc","T1",1,"right",13,"G","Q",0,-1,NA,"NaN","NaN",NA,NA,0
"561","main",560,"yxuuh cnbc","T1T2",1,"right",17,"U","J",0,-2,17,"I","J",0,-12,0
"562","main",561,"yxuuh cnbc","T1T2",1,"right",17,"K","A",0,1,17,"O","D",0,1,0
"563","main",562,"yxuuh cnbc","T1",1,"left",17,"M","M",1,0,NA,"NaN","NaN",NA,NA,0
"564","main",563,"yxuuh cnbc","T1",1,"left",13,"Q","M",0,2,NA,"NaN","NaN",NA,NA,0
"565","main",564,"yxuuh cnbc","T1T2",1,"left",13,"J","J",1,0,13,"G","A",0,-11,0
"566","main",565,"yxuuh cnbc","T1T2",1,"left",13,"Z","A",0,1,13,"L","L",1,0,0
"567","main",566,"yxuuh cnbc","T1",1,"left",9,"T","T",1,0,NA,"NaN","NaN",NA,NA,0
"568","main",567,"yxuuh cnbc","T1",1,"right",15,"P","P",1,0,NA,"NaN","NaN",NA,NA,0
"569","main",568,"yxuuh cnbc","T1",1,"left",15,"I","C",0,1,NA,"NaN","NaN",NA,NA,0
"570","main",569,"yxuuh cnbc","T1T2",1,"right",9,"O","M",0,1,9,"E","D",0,1,0
"571","main",570,"yxuuh cnbc","T1T2",1,"right",13,"K","M",0,-5,13,"T","J",0,2,0
"572","main",571,"yxuuh cnbc","T1T2",1,"right",15,"H","H",1,0,15,"O","O",1,0,0
"573","main",572,"yxuuh cnbc","T1",1,"left",9,"F","Z",0,1,NA,"NaN","NaN",NA,NA,0
"574","main",573,"yxuuh cnbc","T1T2",1,"left",17,"O","X",0,1,17,"V","V",1,0,0
"575","main",574,"yxuuh cnbc","T1T2",1,"left",9,"L","X",0,12,9,"Q","W",0,9,0
"576","main",575,"yxuuh cnbc","T1T2",1,"left",11,"R","M",0,-4,11,"N","X",0,-8,0
"577","main",576,"yxuuh cnbc","T1T2",1,"left",9,"X","K",0,2,9,"H","P",0,8,0
"578","main",577,"yxuuh cnbc","T1",1,"right",15,"Q","A",0,2,NA,"NaN","NaN",NA,NA,0
"579","main",578,"yxuuh cnbc","T1",1,"left",15,"E","S",0,1,NA,"NaN","NaN",NA,NA,0
"580","main",579,"yxuuh cnbc","T1",1,"left",9,"D","D",1,0,NA,"NaN","NaN",NA,NA,0
"581","main",580,"yxuuh cnbc","T1T2",1,"left",11,"G","D",0,1,11,"W","U",0,1,0
"582","main",581,"yxuuh cnbc","T1T2",1,"left",9,"T","K",0,2,9,"K","B",0,-1,0
"583","main",582,"yxuuh cnbc","T1T2",1,"left",7,"H","F",0,-2,7,"L","B",0,4,0
"584","main",583,"yxuuh cnbc","T1",1,"left",11,"Y","X",0,-1,NA,"NaN","NaN",NA,NA,0
"585","main",584,"yxuuh cnbc","T1",1,"left",17,"M","M",1,0,NA,"NaN","NaN",NA,NA,0
"586","main",585,"yxuuh cnbc","T1",1,"right",13,"F","B",0,1,NA,"NaN","NaN",NA,NA,0
"587","main",586,"yxuuh cnbc","T1T2",1,"right",13,"E","X",0,9,13,"W","M",0,6,0
"588","main",587,"yxuuh cnbc","T1T2",1,"right",9,"W","W",1,0,9,"I","S",0,2,0
"589","main",588,"yxuuh cnbc","T1",1,"left",9,"B","B",1,0,NA,"NaN","NaN",NA,NA,0
"590","main",589,"yxuuh cnbc","T1T2",1,"left",15,"H","P",0,-10,15,"U","U",1,0,0
"591","main",590,"yxuuh cnbc","T1",1,"right",7,"W","V",0,-4,NA,"NaN","NaN",NA,NA,0
"592","main",591,"yxuuh cnbc","T1T2",1,"right",17,"L","I",0,-14,17,"I","L",0,-8,0
"593","main",592,"yxuuh cnbc","T1",1,"right",11,"B","B",1,0,NA,"NaN","NaN",NA,NA,0
"594","main",593,"yxuuh cnbc","T1",1,"left",11,"W","W",1,0,NA,"NaN","NaN",NA,NA,0
"595","main",594,"yxuuh cnbc","T1",1,"right",9,"B","B",1,0,NA,"NaN","NaN",NA,NA,0
"596","main",595,"yxuuh cnbc","T1",1,"right",17,"V","V",1,0,NA,"NaN","NaN",NA,NA,0
"597","main",596,"yxuuh cnbc","T1T2",1,"left",15,"V","O",0,1,15,"O","V",0,10,0
"598","main",597,"yxuuh cnbc","T1T2",1,"left",17,"E","A",0,1,17,"L","O",0,2,0
"599","main",598,"yxuuh cnbc","T1T2",1,"right",11,"G","M",0,12,11,"M","G",0,4,0
"600","main",599,"yxuuh cnbc","T1T2",1,"left",13,"P","O",0,-12,13,"B","M",0,6,0
"601","main",600,"yxuuh cnbc","T1",1,"right",9,"M","X",0,1,NA,"NaN","NaN",NA,NA,0
"602","main",601,"yxuuh cnbc","T1T2",1,"left",7,"P","Y",0,1,7,"C","P",0,1,0
"603","main",602,"yxuuh cnbc","T1T2",1,"left",11,"R","X",0,-10,11,"W","O",0,12,0
"604","main",603,"yxuuh cnbc","T1T2",1,"right",11,"F","P",0,-11,11,"I","I",1,0,0
"605","main",604,"yxuuh cnbc","T1",1,"right",11,"P","P",1,0,NA,"NaN","NaN",NA,NA,0
"606","main",605,"yxuuh cnbc","T1T2",1,"right",15,"L","S",0,1,15,"M","L",0,-5,0
"607","main",606,"yxuuh cnbc","T1T2",1,"left",17,"R","I",0,3,17,"C","X",0,-7,0
"608","main",607,"yxuuh cnbc","T1",1,"left",17,"O","D",0,2,NA,"NaN","NaN",NA,NA,0
"609","main",608,"yxuuh cnbc","T1",1,"left",13,"Q","Q",1,0,NA,"NaN","NaN",NA,NA,0
"610","main",609,"yxuuh cnbc","T1",1,"left",7,"X","U",0,1,NA,"NaN","NaN",NA,NA,0
"611","main",610,"yxuuh cnbc","T1T2",1,"left",13,"R","M",0,-6,13,"M","R",0,3,0
"612","main",611,"yxuuh cnbc","T1T2",1,"right",9,"K","A",0,1,9,"G","X",0,-6,0
"613","main",612,"yxuuh cnbc","T1",1,"left",13,"G","G",1,0,NA,"NaN","NaN",NA,NA,0
"614","main",613,"yxuuh cnbc","T1",1,"left",15,"C","G",0,-2,NA,"NaN","NaN",NA,NA,0
"615","main",614,"yxuuh cnbc","T1T2",1,"right",17,"O","D",0,8,17,"Y","X",0,5,0
"616","main",615,"yxuuh cnbc","T1",1,"left",7,"V","Y",0,-7,NA,"NaN","NaN",NA,NA,0
"617","main",616,"yxuuh cnbc","T1",1,"right",15,"J","J",1,0,NA,"NaN","NaN",NA,NA,0
"618","main",617,"yxuuh cnbc","T1",1,"right",13,"W","W",1,0,NA,"NaN","NaN",NA,NA,0
"619","main",618,"yxuuh cnbc","T1",1,"right",17,"X","X",1,0,NA,"NaN","NaN",NA,NA,0
"620","main",619,"yxuuh cnbc","T1T2",1,"right",7,"O","Q",0,1,7,"T","P",0,10,0
"621","main",620,"yxuuh cnbc","T1T2",1,"right",13,"X","X",1,0,13,"C","P",0,8,0
"622","main",621,"yxuuh cnbc","T1T2",1,"right",15,"E","W",0,9,15,"W","E",0,-15,0
"623","main",622,"yxuuh cnbc","T1",1,"right",7,"L","S",0,1,NA,"NaN","NaN",NA,NA,0
"624","main",623,"yxuuh cnbc","T1T2",1,"right",7,"L","S",0,-5,7,"S","X",0,-2,0
